Medición;Posición;Dist a fuente;T de integ;50;63;80;100;125;160;200;250;315;400;500;630;800;1000;1300;1600;2000;2500;3200;4000;5000;6300;8000;10000;12500;SNR
1;1;6.4;10;33.196;42.993;53.553;57.547;57.117;62.335;63.296;64.972;66.949;70.913;71.408;69.11;69.804;68.07;65.645;64.726;63.53;61.345;58.214;54.827;51.618;47.401;42.888;37.004;31.185;57.18584
1;1;6.4;100;31.243;43.221;52.556;58.738;57.695;58.416;60.359;61.774;64.566;65.529;65.978;65.361;67.39;68.241;67.14;65.857;64.035;62.439;59.876;56.549;53.488;49.958;45.768;39.583;32.73;56.7396
1;1;6.4;350;32.094;33.033;34.159;36.549;36.887;34.401;33.596;33.222;34.6;34.141;34.551;31.843;34.212;35.722;36.937;40.007;40.397;42.47;44.505;46.285;48.948;50.188;48.181;43.008;36.685;38.26484
2;1;6.4;10;41.936;49.511;56.946;58.48;61.47;63.86;63.704;65.223;66.845;60.761;57.932;55.528;64.398;65.509;63.657;62.943;61.316;59.395;56.563;52.513;49.049;46.185;43.28;39.234;34.274;56.02048
2;1;6.4;100;45.252;53.401;57.358;56.313;55.564;56.215;57.561;61.497;62.537;63.491;60.861;59.536;57.964;63.988;64.199;62.747;61.542;59.549;57.039;53.611;50.202;47.327;44.228;40.28;35.506;55.51072
2;1;6.4;350;33.282;37.331;34.96;32.528;31.243;28.757;28.604;29.704;31.338;32.38;32.549;32.206;33.228;33.836;34.584;36.236;37.223;39.587;42.451;43.357;45.736;47.637;47.195;42.815;36.232;36.19996
3;1;6.4;10;40.28;48.256;55.306;56.539;56.81;61.181;62.406;65.237;67.455;61.476;58.397;56.071;65.016;65.162;63.539;63.188;61.647;59.448;54.232;51.048;48.788;46.736;44.264;40.601;37.402;55.6194
3;1;6.4;100;43.848;51.436;54.814;54.926;54;54.678;58.385;63.102;63.755;64.015;61.015;60.18;58.895;64.166;64.236;63.586;62.199;60.186;55.645;52.92;51.104;49.111;46.775;42.861;39.329;55.80668
3;1;6.4;350;33.438;38.012;36.69;33.452;31.347;29.463;29.29;30.18;31.122;31.846;32.201;31.966;32.556;33.213;34.013;37.477;38.752;40.611;40.364;43.116;46.46;49.715;49.978;45.532;40.565;36.85436
4;1;6.4;10;44.596;47.793;47.463;52.096;52.213;58.293;60.395;65.147;66.086;63.311;60.378;58.401;64.216;63.368;60.742;58.343;56.774;54.244;51.582;48.549;46.944;45.028;43.829;39.151;33.634;53.70304
4;1;6.4;100;39.015;47.2;47.922;52.479;51.125;55.759;56.98;60.789;62.456;63.372;60.237;58.281;57.686;62.492;61.975;60.096;59.064;56.612;53.741;50.385;48.198;45.555;43.448;38.249;32.608;53.02896
4;1;6.4;350;25.779;26.636;27.037;32.213;28.909;26.903;27.508;32.23;32.069;31.126;29.622;30.303;33.611;33.732;34.555;35.156;36.245;37.059;37.652;39.818;43.492;45.985;46.552;41.353;34.837;34.01528
5;1;6.4;10;34.631;43.925;50.723;56.305;56.184;59.076;62.052;63.659;65.242;61.938;60.027;56.629;64.023;64.692;63.044;62.796;60.948;58.938;55.918;52.566;49.202;45.694;42.051;35.606;30.391;54.2504
5;1;6.4;100;37.352;45.984;48.081;51.905;54.103;56.146;59.238;62.916;64.97;65.02;60.697;57.223;55.804;63.1;63.755;61.754;60.69;58.817;56.195;52.944;49.955;46.835;43.95;38.007;33.229;53.9468
5;1;6.4;350;28.291;31.096;30.871;30.715;34.073;32.053;30.959;31.636;32.143;32.045;30.471;29.139;32.344;33.58;34.264;34.602;35.397;37.127;39.532;41.503;43.806;46.547;47.058;41.705;36.1;35.08228
6;1;17.7;10;40.43;49.005;49.578;49.306;47.676;53.207;59.413;61.698;61.456;57.883;56.547;54.39;58.136;60.695;59.82;59.054;57.47;53.73;50.194;46.597;44.05;41.615;38.881;33.478;28.667;50.91904
6;1;17.7;100;38.626;47.107;48.323;48.807;46.497;50.649;56.939;59.342;58.984;59.15;57.665;56.191;53.861;58.919;60.885;60.006;58.792;55.487;51.875;48.169;45.516;43.134;39.743;33.298;27.26;50.609
6;1;17.7;350;27.85;28.849;27.433;29.685;29.815;31.724;30.945;32.076;29.256;27.241;26.961;27.98;28.738;29.788;31.005;34.487;35.952;35.545;37.416;39.173;41.675;44.648;43.416;37.117;30.78;32.7822
1;2;2.8;10;37.771;48.14;59.484;62.471;63.355;64.872;65.317;67.036;67.95;69.726;68.846;68.609;70.058;68.233;66.376;64.481;62.46;60.259;57.263;53.794;50.641;47.134;43.531;38.603;34.243;58.42612
1;2;2.8;100;35.198;49.227;57.248;59.825;57.481;57.591;59.318;61.171;62.496;65.4;66.259;66.499;67.481;68.208;67.64;65.96;63.335;60.846;57.983;54.499;51.368;48.295;44.508;38.538;32.732;56.76424
1;2;2.8;350;29.817;36.297;39.041;37.272;34.354;30.403;30.504;30.869;32.968;33.066;34.48;35.364;36;37.658;38.159;39.232;39.778;41.683;43.214;45.748;48.723;50.296;48.421;42.885;37.164;38.13584
2;2;4.6;10;35.079;45.982;56.018;58.809;61.048;63.806;64.056;63.458;65.459;60.528;58.32;56.643;65.044;68.665;67.133;67.444;65.344;62.443;59.004;55.226;52.305;49.152;46.094;40.609;35.759;56.93712
2;2;4.6;100;43.534;51.926;54.618;56.69;55.901;58.054;60.125;60.684;60.695;60.053;58.324;58.855;58.36;64.556;64.902;63.59;61.61;58.749;55.091;52.041;49.759;48.044;46.389;42.58;38.871;55.36004
2;2;4.6;350;26.918;30.607;30.024;32.837;32.758;30.434;30.23;28.885;28.679;28.134;29.52;31.73;31.931;32.966;32.727;35.001;36.763;38.275;39.431;41.93;45.083;47.779;48.624;45.096;40.232;35.06376
3;2;6.4;10;34.998;45.239;55.634;59.249;59.961;62.124;63.113;65.036;67.542;61.804;59.069;57.17;64.593;67.736;66.312;65.796;63.4;60.399;57.461;54.537;51.719;48.398;44.508;39.395;34.898;56.40364
3;2;6.4;100;42.464;50.759;54.401;56.077;55.923;58.695;59.87;60.807;62.002;62.796;60.676;59.7;58.816;63.744;64.014;63.166;61.241;58.915;56.393;53.32;50.531;47.747;45.146;41.609;38.379;55.48764
3;2;6.4;350;26.798;30.751;29.066;33.081;32.253;30.16;30.013;29.572;29.613;30.069;30.495;31.904;32.285;33.916;34.328;34.727;35.605;37.51;39.763;42.562;44.948;47.742;47.859;44.266;39.83;35.16464
4;2;7.2;10;39.607;47.801;51.924;51.525;55.968;60.057;61.553;62.418;63.876;62.164;59.274;56.444;62.304;64.161;62.415;60.841;58.978;56.248;53.424;51.367;50.132;48.571;45.858;41.644;37.92;54.65896
4;2;7.2;100;33.868;45.298;49.584;51.182;53.196;55.029;57.543;59.403;60.046;61.038;59.221;57.999;56.877;62.714;63.368;62.777;61.612;58.986;56.624;54.825;53.177;50.858;47.163;42.082;37.371;54.07364
4;2;7.2;350;27.259;26.021;25.081;28.364;29.541;26.518;25.41;27.862;28.395;29.53;30.073;30.396;29.95;32.513;32.979;33.702;34.134;36.093;37.554;39.339;43.295;47.789;48.958;45.887;41.164;33.51228
5;2;7.2;10;34.307;44.855;55.157;57.767;56.433;56.238;58.681;61.54;62.836;60.814;59.531;56.91;63.12;64.221;62.612;61.714;59.719;57.027;53.591;50.09;47.862;45.664;42.226;36.233;31.316;53.61856
5;2;7.2;100;37.029;50.094;56.029;54.965;52.747;56.053;56.993;58.211;59.069;59.849;58.944;57.473;55.414;61.496;61.612;60.366;58.538;56.341;53.013;49.146;46.96;44.835;42.027;36.582;32.724;52.6604
5;2;7.2;350;32.702;32.102;33.691;30.269;28.438;24.263;23.346;25.831;27.151;29.705;29.099;29.952;30.311;32.163;33.948;35.864;35.691;37.021;37.902;40.437;43.806;46.479;45.82;40.385;35.216;33.66368
6;2;20.58;10;42.995;50.118;52.753;50.429;46.999;52.863;58.554;61.276;61.125;59.565;58.113;55.892;59.064;61.141;60.088;60.744;59.197;56.145;52.704;49.564;47.11;44.91;42.485;37.347;31.615;52.51184
6;2;20.58;100;39.539;45.837;49.505;49.286;47.498;53.07;57.549;59.677;59.137;59.03;55.783;53.996;52.647;60.079;61.909;61.437;60.817;57.648;54.282;51.149;48.924;46.714;43.745;37.945;31.263;51.93864
6;2;20.58;350;29.694;29.702;30.636;30.717;25.28;26.072;25.855;27.578;27.823;27.755;28.602;28.47;28.673;29.739;31.074;32.203;33.4;35.627;37.682;40.871;44.27;47.363;46.829;41.852;34.973;32.9096
1;3;8.5;10;32.879;43.243;51.056;58.095;59.22;61.374;63.224;64.291;64.995;68.702;67.786;68.135;69.233;67.506;65.969;63.907;61.651;58.377;54.753;51.151;48.776;46.175;42.435;36.996;32.523;56.09808
1;3;8.5;100;33.033;44.038;48.982;54.605;56.885;56.586;59.734;60.653;61.08;62.569;62.944;64.498;66.459;67.135;67.366;66.15;63.279;60.115;56.372;52.896;50.4;47.795;43.83;38.158;33.22;55.15128
1;3;8.5;350;26.888;28.523;30.128;33.469;31.674;28.208;27.944;30.012;31.981;32.877;31.899;33.054;34.055;36.474;37.156;38.374;38.878;40.859;41.401;43.661;47.36;49.329;47.465;42.453;37.313;36.0574
2;3;8.5;10;34.977;43.631;50.429;56.937;57.518;60.565;62.533;62.772;64.399;60.534;58.244;55.976;63.494;65.387;65.208;65.722;63.785;60.594;56.029;52.537;50.4;47.814;44.209;37.217;31.468;54.89516
2;3;8.5;100;38.352;48.03;50.979;53.642;54.814;56.803;57.871;59.639;60.606;61.423;59.144;57.81;56.567;62.242;64.48;65.143;63.211;60.267;55.84;52.558;50.185;47.735;44.683;38.629;33.687;54.1736
2;3;8.5;350;27.484;27.624;28.064;26.866;30.543;29.328;29.547;29.623;30.509;29.419;28.516;29.593;32.081;31.412;32.843;35.279;35.867;38.018;38.535;41.282;44.892;48.314;48.662;42.731;36.819;34.15404
3;3;8.5;10;36.291;45.041;50.264;58.662;60.762;62.314;62.74;63.625;65.465;61.514;59.289;56.991;64.464;65.793;65.325;65.052;62.683;59.057;56.016;52.635;49.459;46.007;41.843;36.838;32.142;55.21088
3;3;8.5;100;38.196;46.308;48.434;53.043;53.762;56.031;59.072;61.194;61.889;62.251;60.139;58.69;57.571;63.278;64.547;63.701;63.114;60.153;57.344;54.091;51.231;47.724;43.461;38.453;34.166;54.31372
3;3;8.5;350;28.425;28.387;28.887;27.185;30.32;29.017;28.91;28.177;29.475;28.951;29.69;30.671;33.097;32.17;33.829;35.77;36.553;38.457;39.856;41.936;44.659;47.354;46.616;42.643;37.345;34.3352
4;3;8.5;10;30.783;41.141;46.693;49.363;52.014;54.778;59.082;62.418;63.529;60.558;58.26;55.93;61.816;62.892;62.152;62.917;61.839;59.982;55.549;52.886;50.949;48.648;44.902;38.958;34.081;53.2848
4;3;8.5;100;33.435;44.057;46.175;50.587;52.288;57.063;58.672;58.63;58.859;59.648;58.502;57.827;57.091;61.251;62.286;62.836;61.293;59.226;55.855;53.117;50.839;48.032;44.182;38.372;33.73;52.95412
4;3;8.5;350;26.487;27.427;26.313;28.415;30.93;29.601;30.113;29.613;29.179;29.096;27.863;28.366;29.823;30.725;31.867;34.717;35.67;36.31;36.869;40.196;43.717;47.243;47.264;42.525;37.644;33.51892
5;3;8.5;10;31.839;41.679;49.273;55.787;54.573;56.019;59.322;63.449;65.199;62.375;60.334;57.267;63.044;64.585;63.504;63.926;62.422;59.066;55.662;52.321;49.804;47.039;42.875;36.747;31.091;53.96808
5;3;8.5;100;35.365;45.547;52.793;53.032;52.865;52.625;56.184;58.215;60.064;59.588;59.297;56.664;56.281;62.348;63.234;62.552;61.553;58.852;55.799;52.623;50.23;47.463;43.441;37.42;32.01;53.0418
5;3;8.5;350;26.788;28.216;33.308;37.295;31.242;27.129;26.745;28.918;29.76;30.317;29.191;29.819;30.186;31.573;32.845;34.265;35.321;36.282;37.829;40.042;43.994;46.63;46.26;41.348;35.87;34.04692
6;3;25.73;10;44.528;50.494;49.336;45.946;43.979;52.353;60.86;62.163;62.289;59.256;56.954;53.732;58.045;59.027;58.396;57.343;55.616;52.329;49.123;46.899;45.206;43.866;41.905;36.856;30.458;51.07836
6;3;25.73;100;48;48.907;46.477;48.395;45.628;53.327;58.051;57.28;57.554;57.903;57.123;55.628;54.013;59.79;59.677;58.32;57.478;54.509;51.301;48.598;46.496;44.745;42.764;37.954;31.892;51.2724
6;3;25.73;350;28.966;26.34;24.051;25.262;26.395;28.388;31.265;28.947;28.541;28.112;28.292;27.338;27.36;30.253;32.875;35.049;35.586;37.386;38.871;42.072;44.757;47.153;46.461;40.894;33.665;32.97116
1;4;9.8;10;35.961;47.81;56.937;58.637;56.082;58.891;59.663;60.701;62.318;65.845;66.425;67.565;69.245;68.472;66.706;63.47;60.546;57.251;54.075;50.699;47.53;44.12;40.439;35.232;30.545;55.4066
1;4;9.8;100;47.834;55.401;56.998;55.905;52.463;56.198;58.18;58.915;59.917;61.433;61.206;61.824;63.375;63.13;61.105;57.918;55.473;53.062;50.565;48.892;47.397;46.393;44.4;40.129;35.972;54.1634
1;4;9.8;350;29.638;32.219;33.533;33.33;29.257;27.501;30.128;30.845;31.273;30.788;31.538;32.406;33.184;36.374;37.75;38.33;38.951;40.957;42.411;44.459;46.053;47.188;45.395;39.713;33.756;35.87908
2;4;9.8;10;41.461;50.454;55.231;57.927;57.036;60.159;62.417;63.845;65.023;62.483;59.693;57.357;62.839;63.378;62.61;61.585;59.588;56.578;53.072;50.114;47.865;46.156;43.206;39.152;35.983;55.00848
2;4;9.8;100;39.243;50.028;53.042;54.164;52.512;55.585;56.44;58.405;60.171;61.751;60.439;59.952;58.763;62.838;63.112;62.019;60.843;58.185;54.806;51.722;49.234;46.977;43.508;38.905;35.161;53.9122
2;4;9.8;350;30.421;31.656;31.674;29.044;31.301;27.507;26.235;28.16;28.661;29.473;29.833;30.505;30.823;32.572;34.562;37.01;37.5;37.446;39.406;41.635;44.133;46.893;46.181;41.828;36.974;34.45732
3;4;9.8;10;40.917;46.398;48.043;57.343;57.248;61.14;63.053;64.887;66.024;63.117;60.413;58.263;63.88;64.394;63.088;61.55;59.528;56.826;51.988;48.648;47.082;45.357;43.655;39.529;38.046;54.81668
3;4;9.8;100;40.178;47.361;48.656;54.417;53.992;57.105;57.528;58.667;60.102;61.707;60.834;60.472;59.38;63.586;63.591;61.567;59.949;57.373;52.735;49.548;48.188;46.701;45.135;40.74;38.399;53.91644
3;4;9.8;350;31.287;32.146;31.884;29.123;31.532;27.775;26.357;28.299;28.87;30.137;29.944;31.5;31.892;33.198;34.998;36.839;37.577;38.744;38.099;39.611;43.848;47.574;47.374;42.773;39.524;34.8362
4;4;9.8;10;37.187;45.696;47.051;50.573;50.18;57.09;60.221;62.658;63.515;63.04;60.7;57.653;62.833;63.303;62.245;62.148;60.69;58.282;54.85;51.781;49.836;48.073;45.081;39.351;34.749;53.95144
4;4;9.8;100;44.445;48.283;48.701;52.798;52.907;56.093;57.218;59.473;60.079;60.942;59.409;58.249;57.575;61.878;61.48;60.374;58.743;56.613;53.792;51.226;49.487;48.118;45.922;41.04;37.045;53.6756
4;4;9.8;350;25.808;26.459;28.218;32.03;30.603;30.274;28.944;29.354;28.966;29.459;29.43;28.346;29.689;31.081;32.386;33.738;35.447;36.477;38.022;40.259;44.008;47.685;48.313;43.49;38;33.85944
5;4;9.8;10;38.555;47.924;51.562;56.017;53.452;57.841;61.91;63.332;63.994;59.173;57.619;54.605;60.891;62.588;61.141;61.147;59.456;56.312;52.774;49.117;46.59;44.739;42.36;35.849;31.059;53.20028
5;4;9.8;100;41.14;49.165;51.114;54.691;50.683;54.553;57.395;58.919;60.662;60.319;60.179;59.145;57.239;61.213;61.079;59.865;58.48;55.89;52.93;49.777;47.666;45.712;43.372;36.867;32.875;52.8372
5;4;9.8;350;35.347;33.068;32.851;32.178;30.537;29.479;30.119;30.025;29.69;29.189;29.468;30.056;29.506;30.23;31.898;33.78;35.722;37.076;38.586;40.763;43.074;46.788;46.659;40.295;34.644;34.44112
6;4;13.06;10;39.502;47.013;49.127;49.822;47.703;55.297;57.698;60.302;60.738;58.904;55.668;53.846;59.523;62.992;62.746;62.828;60.989;58.734;55.884;52.476;49.709;47.218;43.798;37.82;33.915;52.97008
6;4;13.06;100;38.374;44.288;46.528;49.851;50.75;52.384;54.157;56.466;57.573;59.544;56.313;55.568;54.616;60.617;61.827;61.934;61.42;59.272;56.871;53.836;51.303;48.812;45.436;39.676;35.828;52.52976
6;4;13.06;350;20.676;21.471;22.434;25.422;27.249;27.278;24.794;26.645;26.193;27.377;26.752;28.55;29.019;29.749;30.547;33.493;34.046;36;38.133;40.287;43.493;47.206;47.44;42.453;38.123;31.7932
1;5;10.6;10;32.749;42.762;51.344;56.725;58.857;60.312;64.195;65.873;67.028;68.006;68.243;68.523;70.295;69.871;67.414;65.582;63.136;60.28;56.649;53.244;50.655;48.217;44.139;38.236;32.994;57.01316
1;5;10.6;100;43.432;49.761;55.245;56.999;56.569;57.54;60.122;61.91;62.082;62.486;62.971;63.565;65.649;65.693;64.933;62.715;59.77;56.615;53.279;50.533;48.477;46.765;43.968;39.548;36.276;55.47612
1;5;10.6;350;27.321;31.855;32.937;32.429;29.983;27.721;28.233;30.098;31.231;31.612;33.368;35.133;35.382;34.97;36.946;38.128;38.195;39.819;41.654;43.513;46.742;49.038;47.651;42.566;37.928;36.17812
2;5;10.6;10;38.023;48.578;55.135;59.723;58.09;58.941;61.864;63.205;66.227;61.649;59.966;57.124;63.008;65.993;64.469;62.677;60.671;58.123;54.479;50.575;48.051;45.256;42.646;38.004;34.027;55.06016
2;5;10.6;100;36.143;48.275;51.406;56.217;54.093;56.429;57.4;58.804;59.818;60.772;59.546;57.436;56.303;62.507;63.996;63.031;61.287;58.398;54.786;50.91;48.346;46.026;43.874;39.243;34.584;53.5852
2;5;10.6;350;26.077;27.021;26.454;28.482;27.814;26.877;26.28;27.899;29.989;30.296;30.324;29.663;30.205;32.898;35.13;35.551;36.229;36.674;37.934;39.494;42.96;46.284;46.889;42.553;36.676;33.46612
3;5;10.6;10;37.253;46.511;52.664;61.211;61.756;62.149;63.008;64.82;66.209;62.243;60.892;58.652;64.526;65.329;64.233;62.599;60.752;58.293;54.889;50.792;47.874;45.087;42.353;38.158;34.595;55.47392
3;5;10.6;100;36.697;47.869;52.592;57.259;57.71;58.144;57.803;59.613;60.123;61.559;59.739;58.246;57.283;62.555;63.209;61.499;59.668;57.579;54.621;51.297;48.77;46.27;43.415;39.013;35.586;53.92476
3;5;10.6;350;27.096;27.581;27.171;28.804;28.593;27.78;26.43;28.917;30.092;30.961;30.413;31.522;31.354;32.509;33.7;34.439;34.967;36.98;38.537;40.026;42.898;45.481;46.049;42.036;37.69;33.68104
4;5;10.6;10;34.975;45.271;47.836;51.731;56.608;60.224;61.651;63.197;64.585;61.315;59.209;56.106;62.098;63.64;62.363;61.356;60.26;57.163;54.151;51.112;48.536;45.753;42.077;36.8;33.065;53.64328
4;5;10.6;100;44.232;49.451;51.079;51.567;51.875;56.442;58.396;58.505;60.247;61.136;60.557;59.314;57.93;61.115;60.655;58.839;57.494;54.874;52.393;49.594;47.538;45.757;43.639;39.327;36.68;53.14544
4;5;10.6;350;29.701;30.667;30.532;30.58;28.493;28.495;28.615;29.388;28.988;28.334;28.826;29.259;30.424;31.795;32.655;34.034;34.828;36.688;37.942;40.383;43.365;46.258;45.723;41.034;36.978;33.7594
5;5;10.6;10;36.754;44.566;45.996;54.631;57.379;59.07;59.891;61;62.239;59.937;58.347;55.964;61.462;64.677;63.512;62.467;61.351;59.142;55.733;52.173;49.351;46.597;43.023;37.896;33.624;53.87128
5;5;10.6;100;41.607;50.105;49.212;52.264;53.863;57.734;57.335;57.443;58.377;59.556;58.61;57.726;56.75;62.202;63.232;62.411;61.481;58.667;55.072;52.055;50.02;48.485;45.602;40.999;36.873;53.90724
5;5;10.6;350;25.85;27.662;27.99;29.449;28.386;26.49;25.947;28.039;28.388;29.016;28.35;28.865;29.18;30.639;33.551;35.042;35.546;36.986;37.846;40.344;43.574;46.963;47.594;43.794;38.977;33.37872
1;6;11.9;10;31.489;41.458;50.458;58.464;60.09;63.178;65.504;66.885;67.929;69.776;69.663;69.563;71.852;69.99;68.763;67.705;66.237;62.672;58.947;55.403;52.512;49.352;45.335;39.798;34.022;58.2818
1;6;11.9;100;34.722;46.304;51.181;54.893;55.263;59.443;62.608;63.023;63.006;64.715;65.092;65.229;66.733;67.088;67.069;66.588;65.38;61.606;58.28;55.111;52.591;49.295;44.796;38.845;33.036;56.47588
1;6;11.9;350;24.877;28.845;29.735;32.787;33.297;32.735;32.508;34.792;34.63;34.867;33.639;32.524;33.511;34.524;36.41;38.116;38.936;39.839;41.193;43.041;45.952;48.331;47.459;42.879;37.148;36.503
2;6;11.9;10;35.086;44.543;52.551;58.676;58.714;62.104;62.741;64.51;66.817;63.018;60.251;57.47;63.083;65.987;64.832;63.649;61.888;58.948;55.86;52.333;49.819;47.26;43.629;37.648;32.323;55.3496
2;6;11.9;100;41.206;48.586;49.809;54.718;54.366;55.64;58.864;61.561;62.417;62.946;62.212;60.568;60.238;62.897;61.746;60.101;58.755;56.091;53.206;50.273;48.848;47.687;45.779;41.239;37;54.27012
2;6;11.9;350;29.141;30.065;31.406;30.402;30.135;28.052;26.786;28.872;28.78;29.531;29.781;29.242;30.593;32.768;33.592;35.238;36.131;36.885;37.975;39.432;43.599;47.078;47.247;42.655;37.238;34.10496
3;6;11.9;10;35.059;44.105;51.261;59.33;61.062;62.293;63.472;66.31;67.862;63.644;61.014;58.322;63.98;65.893;64.555;63.72;62.845;59.982;56.512;52.691;49.075;46.02;42.124;36.453;31.055;55.54556
3;6;11.9;100;40.732;48.868;51.406;55.291;55.202;55.397;58.462;60.599;61.115;61.624;62.031;60.32;59.218;62.607;62.251;60.14;58.943;56.92;54.673;51.355;48.211;45.991;43.274;38.628;34.701;53.91836
3;6;11.9;350;28.166;29.412;32.697;30.941;30.236;28.028;26.718;28.324;27.901;28.974;29.744;29.628;30.58;31.935;33.031;34.654;36.305;38.37;39.448;40.904;43.066;45.718;45.533;41.121;35.68;33.88456
4;6;11.9;10;45.334;49.851;47.97;49.241;52.633;59.145;62.223;62.945;63.428;61.35;59.885;57.499;64.255;63.907;61.173;59.798;58.452;55.979;52.944;49.24;46.968;44.644;41.92;37.255;33.844;53.67532
4;6;11.9;100;46.229;52.085;50.171;54.258;53.186;57.562;58.902;59.456;60.167;62.095;60.197;59.133;57.982;62.117;60.167;58.112;56.811;54.742;51.955;48.872;47.014;45.478;43.174;38.926;35.386;53.36708
4;6;11.9;350;32.023;32.607;28.189;31.456;30.982;28.274;27.224;28.612;29.887;30.682;30.494;31.366;34.34;33.343;34.203;35.348;36.139;36.923;38.653;39.61;42.617;46.54;45.511;40.213;35.122;34.41432
5;6;11.9;10;34.32;44.095;49.771;55.399;57.493;57.568;59.167;62.225;63.222;61.422;60.064;57.987;63.261;65.183;64.126;63.646;62.406;59.525;56.819;53.62;50.95;47.557;43.078;36.394;30.283;54.38324
5;6;11.9;100;48.418;49.4;48.841;53.199;51.208;56.116;56.538;59.218;59.257;59.901;59.22;59.493;57.986;61.685;61.058;60.141;59.337;56.6;53.864;51.086;49.166;46.737;44.028;39.449;35.369;53.4926
5;6;11.9;350;28.329;30.509;30.654;31.785;31.097;28.414;26.161;28.763;28.255;29.113;30.045;29.823;32.262;32.879;33.502;35.172;36.484;37.505;39.136;40.445;43.97;46.126;45.921;40.593;35.206;34.08596
1;7;12.5;10;35.878;44.088;49.475;56.972;59.539;61.461;62.698;64.921;67.149;67.642;66.463;66.001;67.882;66.823;65.979;64.038;62.286;59.298;56.395;52.752;50.093;47.188;43.304;36.738;31.469;56.26128
1;7;12.5;100;40.215;49.682;53.528;54.599;55.607;57.574;57.729;59.945;62;62.976;62.383;62.326;64.028;64.976;64.929;63.652;61.797;58.634;55.097;51.989;49.596;47.242;44.525;39.477;35.736;55.20968
1;7;12.5;350;25.687;31.566;32.183;32.531;32.584;31.733;28.724;29.481;30.074;31.583;31.116;30.741;33.674;34.321;35.99;38.035;39.714;39.798;41.165;43.641;46.931;49.242;48.484;42.788;37.481;35.97068
2;7;12.5;10;38.842;47.822;51.804;57.478;57.856;59.754;61.854;62.129;66.398;58.68;56.983;55.009;62.317;65.766;65.815;66.15;63.97;59.767;56.394;52.92;50.831;48.376;45.243;38.989;35.033;55.4472
2;7;12.5;100;40.299;48.153;50.123;51.708;50.784;53.359;56.651;59.698;61.933;61.999;59.627;57.71;55.898;62.986;66.044;65.154;64.082;60.349;57.288;53.838;51.862;49.83;47.169;41.296;37.379;54.60876
2;7;12.5;350;25.841;26.767;28.095;27.104;27.854;28.957;29.953;28.658;28.236;28.959;30.517;29.901;29.821;31.266;32.834;35.43;35.661;36.949;37.341;39.009;42.796;46.64;48.486;44.349;39.841;33.6506
3;7;12.5;10;37.916;45.317;49.805;55.025;55.272;58.497;61.858;63.47;66.991;60.191;58.422;56.068;62.981;66.028;65.758;65.993;64.473;60.869;57.959;54.794;51.832;49.093;45.153;39.719;34.665;55.52596
3;7;12.5;100;40.526;51.763;55.827;55.881;56.522;57.474;57.7;59.585;61.742;62.751;62.034;60.235;58.769;64.092;65.551;64.815;64.151;61.108;58.122;54.608;51.464;48.913;45.293;40.431;36.086;55.81772
3;7;12.5;350;25.421;26.503;27.303;27.636;28.048;28.983;29.788;28.677;28.432;29.279;30.614;29.785;29.537;31.162;32.826;35.495;36.275;37.263;38.275;40.872;43.591;46.711;47.474;43.909;38.549;33.69632
4;7;12.5;10;38.2;46.228;47.063;53.832;53.311;57.906;60.57;64.502;65.099;61.77;59.345;57.313;63.613;63.138;62.107;61.614;60.591;58.23;55.525;52.698;50.045;47.317;43.841;38.285;33.599;54.22968
4;7;12.5;100;42.04;45.222;45.084;50.922;54.066;54.083;56.494;59.435;60.983;60.974;57.526;55.844;55.104;61.173;60.925;60.005;59.122;57.229;54.292;51.461;49.114;46.798;44.09;38.939;34.91;52.6334
4;7;12.5;350;29.092;29.165;29.115;29.408;28.34;26.376;27.061;29.934;29.513;29.736;30.838;31.42;32.425;31.395;32.472;34.417;36.287;37.019;38.374;39.964;42.766;46.566;46.729;41.808;36.84;33.8824
5;7;12.5;10;41.502;46.874;47.072;54.627;56.065;57.917;61.2;62.887;63.619;61.509;59.02;57.015;62.646;62.869;62.702;63.186;61.655;58.325;54.969;51.871;49.042;46.475;43.413;37.84;33.323;54.30492
5;7;12.5;100;38.158;47.39;49.466;53.74;52.347;55.48;57.868;60.306;62.219;61.595;58.438;55.982;54.85;61.451;63.144;63.63;63.373;60.301;56.954;53.432;49.952;47.036;43.763;37.937;33.124;53.67744
5;7;12.5;350;30.094;29.329;29.751;30.937;30.814;26.601;26.11;27.907;29.267;29.769;30.498;30.869;32.226;31.656;33.756;35.347;36.763;36.989;37.517;39.3;42.346;46.057;46.761;41.875;36.637;33.96704
1;8;13.35;10;33.91;45.482;54.472;59.196;59.985;61.691;62.281;64.415;65.724;67.113;66.298;66.735;68.371;68.478;67.063;65.532;63.589;60.69;57.484;54.053;50.516;47.4;43.314;35.657;29.786;56.7694
1;8;13.35;100;36.54;50.379;57.2;60.297;58.41;58.889;57.146;58.552;61.06;62.451;61.789;62.278;64.308;66.287;66.938;66.153;64.089;61.138;57.666;54.05;50.424;46.977;42.75;35.321;29.983;55.643
1;8;13.35;350;34.406;36.787;37.186;35.715;33.584;30.354;28.67;29.59;31.453;31.341;30.904;30.879;33.013;35.548;35.752;36.459;37.752;39.36;41.18;43.87;46.647;47.98;46.679;40.125;34.633;36.39468
2;8;13.35;10;42.425;49.481;54.541;56.207;56.689;59.24;61.355;64.584;67.133;60.329;58.03;55.234;62.313;65.142;64.138;63.978;62.127;59.291;56.64;53.063;49.931;47.215;43.687;38.595;35.071;55.45756
2;8;13.35;100;43.418;46.402;47.673;52.495;52.244;55.949;57.48;59.149;60.731;61.615;60.909;60.038;58.846;63.999;64.614;63.376;62.028;59.546;57.031;54.003;51.007;48.006;44.329;39.31;35.898;54.40384
2;8;13.35;350;26.554;25.586;23.819;24.525;27.938;29.508;29.442;30.177;31.391;31.825;30.979;29.727;30.38;34.427;33.842;33.411;34.085;36.612;38.806;40.641;43.495;46.826;46.896;42.292;37.78;33.63856
3;8;13.35;10;41.397;47.468;48.642;54.335;54.9;58.413;61.861;64.059;64.973;59.782;57.712;55.446;63.344;66.266;65.434;64.286;61.661;59.026;55.602;52.141;49.157;46.794;43.254;38.183;34.964;54.764
3;8;13.35;100;43.39;47.734;49.833;50.675;50.589;55.69;57.488;59.574;60.801;61.142;60.508;59.614;58.619;63.62;64.116;62.96;61.125;58.776;55.774;52.335;49.733;47.42;43.958;38.804;35.61;53.99552
3;8;13.35;350;25.968;25.148;23.367;24.618;29.186;30.194;29.24;29.4;30.38;30.851;30.825;30;30.51;32.902;34.092;34.985;35.168;36.524;37.763;39.724;42.817;46.473;46.658;42.076;37.655;33.46096
4;8;13.35;10;33.283;42.234;46.37;47.114;49.925;54.718;57.854;61.007;62.554;59.955;57.098;54.649;61.275;62.892;62.446;62.535;62.964;61.949;58.721;55.569;53.113;50.308;46.561;40.151;34.7;53.5978
4;8;13.35;100;37.588;45.212;46.65;49.567;50.098;52.083;55.292;59.113;61.158;61.804;59.451;57.959;56.023;61.024;62.125;62.035;61.618;60.236;57.543;54.793;52.553;50.173;46.624;40.712;35.646;53.4832
4;8;13.35;350;19.773;19.579;21.863;26.745;27.59;26.558;25.719;27.889;28.704;29.257;30.62;30.268;30.115;31.589;32.9;35.343;35.303;37.389;39.005;41.066;43.929;47.503;48.567;44.309;39.123;32.82824
5;8;13.35;10;36.402;46.978;53.514;56.967;58.705;60.194;58.874;59.027;60.215;59.5;58.177;56.176;62.589;64.027;63.475;64.139;62.258;59.254;55.788;53.063;49.68;46.318;42.011;36.921;31.835;54.24348
5;8;13.35;100;44.42;54.769;54.843;54.565;51.593;54.008;53.204;55.458;57.133;59.754;57.747;56.319;54.842;61.128;62.063;61.393;59.19;55.61;52.439;50.13;47.848;46.077;43.428;39.738;35.287;52.91944
5;8;13.35;350;22.115;26.994;33.74;36.582;32.488;30.557;29.227;27.935;28.474;28.171;27.421;28.362;31.074;33.012;34.068;34.591;34.427;36.392;37.026;39.625;43.006;46.422;45.812;41.419;35.829;33.79076
1;9;14.4;10;42.116;50.854;54.057;59.91;59.474;62.245;62.571;64.493;65.245;68.1;67.019;67.517;67.824;66.3;63.998;61.469;59.215;55.051;51.476;48.616;46.634;45.183;43.426;39.461;35.877;56.32524
1;9;14.4;100;42.704;51.275;55.65;55.562;53.559;55.565;56.139;58.641;61.264;62.605;61.909;62.986;64.486;64.567;62.962;60.362;58.628;55.107;52.18;49.522;47.599;46.137;44.2;40.194;36.654;54.41828
1;9;14.4;350;31.161;33.658;34.482;34.667;30.319;27.482;27.781;29.806;30.537;30.498;30.02;32.06;33.258;35.135;37.188;37.652;38.804;39.55;40.664;42.456;45.452;47.75;46.663;41.282;36.011;35.77344
2;9;14.4;10;44.799;49.529;52.201;60.862;61.079;63.055;62.748;64.695;64.963;61.331;57.896;55.893;62.992;62.884;61.559;60.255;58.41;54.923;52.031;49.915;48.955;48.178;46.768;42.371;38.698;55.4796
2;9;14.4;100;45.257;49.374;51.827;55.232;54.669;57.283;57.959;60.109;60.852;61.954;60.227;59.618;58.391;60.932;61.364;60.027;58.763;55.19;52.241;50.027;48.894;47.731;46.072;41.614;38.026;54.14532
2;9;14.4;350;25.547;29.26;27.87;29.233;30.413;29.294;28.565;29.815;29.795;29.588;28.551;29.322;31.231;31.341;33.58;35.318;36.686;36.581;37.512;40.356;44.22;47.215;47.185;41.871;36.857;33.88824
3;9;14.4;10;48.949;50.699;54.53;58.773;60.612;62.196;62.66;64.791;66.38;61.861;58.728;56.821;63.232;62.128;60.581;58.868;57.141;54.486;52.736;50.998;49.674;48.735;46.725;42.671;38.854;55.75316
3;9;14.4;100;43.938;47.706;52.978;54.261;53.255;55.541;57.341;59.653;60.67;61.448;59.381;59.107;58.243;61.905;61.6;60.278;58.84;55.96;53.462;50.752;48.873;47.27;45.024;41.103;37.441;53.8412
3;9;14.4;350;24.481;28.524;27.805;29.089;30.471;29.177;28.163;28.794;28.918;28.906;28.818;29.834;31.571;31.418;33.12;34.958;36.112;37.245;39.087;41.195;43.985;46.665;46.785;42.142;36.898;33.76644
4;9;14.4;10;30.716;42.327;48.417;54.516;54.109;57.078;59.929;62.411;63.838;62.409;59.595;56.38;62.333;64.178;63.181;62.81;61.88;58.994;55.573;52.375;49.591;46.644;43.086;37.264;32.145;53.67116
4;9;14.4;100;40.723;48.075;52.156;53.042;52.222;54.388;56.809;58.643;60.731;62.25;59.619;58.017;56.722;61.448;61.219;60.723;59.368;55.8;52.784;50.095;47.928;45.538;42.943;38.41;34.834;52.97948
4;9;14.4;350;21.392;24.131;25.247;33.128;30.272;30.057;28.049;28.145;29.188;30.721;30.057;29.904;29.672;31.837;34.864;36.175;36.993;37.557;38.691;39.981;42.521;45.381;45.432;40.861;36.03;33.45144
5;9;14.4;10;43.046;49.835;50.115;54.916;55.433;57.981;59.127;61.606;61.467;60.301;58.549;56.961;62.874;64.125;62.328;61.077;58.43;55.214;52.029;49.127;47.025;44.787;42.867;37.911;33.901;53.64128
5;9;14.4;100;46.548;52.43;51.222;50.749;50.147;54.96;56.342;57.689;59.341;61.544;58.708;57.347;56.759;62.21;61.889;60.883;59.013;56.138;52.863;50.153;48.135;45.986;43.847;38.798;34.838;53.14156
5;9;14.4;350;30.408;31.855;36.308;32.487;30.308;28.502;28.222;28.959;29.293;29.088;28.83;30.414;32.609;32.873;34.074;35.965;35.956;35.945;37.042;39.972;43.637;46.199;46.837;41.679;36.247;34.54836
1;10;15.5;10;32.824;43.405;54.364;58.436;62.258;67.318;67.026;67.16;67.019;68.253;67.292;67.533;68.773;67.223;65.35;63.087;61.221;58.512;55.88;52.074;49.085;45.949;42.489;35.474;29.067;56.68288
1;10;15.5;100;48.033;55.369;56.341;58.479;57.989;61.259;61.46;62.957;62.593;63.773;63.081;63.635;64.38;63.147;60.909;58.679;56.836;54.441;52.167;49.263;47.182;45.233;43.645;38.856;34.854;55.38244
1;10;15.5;350;32.082;33.726;36.58;37.12;35.723;35.711;35.566;36.018;33.544;33.38;33.097;35.559;35.262;34.494;34.952;36.597;37.582;40.154;41.721;43.327;45.808;47.27;45.569;39.469;33.689;37.36
2;10;15.5;10;42.206;46.742;54.625;56.928;56.706;60.136;61.23;62.763;64.563;61.041;58.685;56.312;63.063;64.439;62.631;61.371;59.475;56.66;53.38;50.929;48.741;46.702;44.492;41.157;37.968;54.9178
2;10;15.5;100;42.575;51.713;52.43;55.931;54.168;54.467;57.22;60.575;61.615;62.752;60.25;58.467;57.736;63.198;62.661;61.429;59.824;56.904;53.48;51.339;49.643;47.924;45.772;42.133;38.808;54.52056
2;10;15.5;350;18.311;21.521;21.575;29.348;32.235;30.812;29.962;29.672;30.445;30.068;29.457;29.702;32.169;33.534;33.363;34.39;35.49;36.763;37.698;40.531;43.673;47.389;47.411;43.164;38.293;33.47904
3;10;15.5;10;44.211;48.159;50.738;55.939;54.122;59.024;61.231;64.144;65.204;62.627;60.116;56.712;62.646;64.388;62.566;59.815;57.436;55.345;53.411;50.814;48.354;46.534;44.718;40.806;37.186;54.64984
3;10;15.5;100;41.062;49.932;50.76;58.715;55.735;58.543;59.2;59.561;61.219;61.98;60.477;57.528;56.892;62.243;62.115;60.332;58.925;56.437;54.011;51.298;48.831;46.679;44.155;40.222;36.819;54.14684
3;10;15.5;350;17.39;20.714;21.49;30.021;31.854;29.998;29.262;30.598;30.47;30.149;29.481;29.496;31.001;33.336;33.902;35.09;35.312;36.657;38.281;41.22;43.518;45.91;45.668;41.627;36.621;33.16264
4;10;15.5;10;45.103;50.845;52.37;51.62;53.16;59.328;60.447;63.523;66.452;62.257;59.773;55.954;60.349;62.448;60.029;58.065;56.449;54.091;50.67;47.312;44.45;42.286;40.45;36.435;32.702;53.06272
4;10;15.5;100;40.96;46.631;46.817;51.627;52.438;57.029;58.542;61.401;63.14;63.742;61.748;59.685;57.902;61.615;60.049;58.601;57.801;55.599;52.11;48.762;45.638;43.345;40.687;35.735;31.186;52.5116
4;10;15.5;350;23.806;24.483;23.297;28.228;28.739;28.51;27.5;28.498;29.746;30.208;30.05;29.702;30.987;33.369;34.322;35.556;36.359;37.344;38.976;40.787;42.271;44.285;43.719;38.377;33.045;32.88656
5;10;15.5;10;35.724;45.3;50.943;56.811;55.639;57.616;58.595;60.133;61.35;59.656;58.078;55.488;62.327;63.62;63.004;62.591;61.141;57.573;54.886;51.146;48.284;45.156;41.449;36.162;31.213;53.3554
5;10;15.5;100;43.255;47.102;50.299;52.336;51.19;57.02;59.043;59.116;60.081;60.016;58.722;56.839;55.518;61.109;61.596;61.321;60.344;57.081;53.872;50.293;47.734;45.689;43.017;38.443;33.767;52.99212
5;10;15.5;350;23.808;26.983;26.681;31.326;29.034;29.249;28.761;30.153;29.521;30.978;30.786;30.823;31.488;32.025;33.427;34.669;36.899;36.88;38.104;39.858;42.812;46.089;46.067;41.323;35.312;33.72224
1;11;16.8;10;38.951;49.059;52.461;56.274;53.457;58.479;62.538;64.526;66.35;67.647;67.664;67.596;68.093;66.641;65.417;64.004;62.023;58.988;55.079;51.619;48.545;45.892;42.967;37.963;33.725;56.23832
1;11;16.8;100;39.567;51.053;54.462;57.893;53.719;56.695;58.528;60.33;62.389;62.724;62.866;63.127;64.075;64.542;65.114;63.221;61.082;58.08;54.548;51.489;48.548;45.682;42.872;38.196;34.717;55.02076
1;11;16.8;350;29.155;34.73;36.499;34.991;31.229;28.527;28.428;30.008;30.529;31.558;33.103;32.823;33.32;34.115;36.743;37.962;38.739;40.371;41.548;43.678;46.674;48.37;46.878;41.668;36.823;36.33876
2;11;16.8;10;47.462;48.502;47.827;52.545;53.503;58.728;62.188;64.281;66.105;61.857;60.141;57.443;62.02;64.29;64.897;64.524;62.544;59.514;55.913;53.455;51.737;49.749;47.356;42.148;39.039;55.91072
2;11;16.8;100;45.83;50.255;49.42;49.908;51.356;53.874;57.068;58.374;59.696;61.17;61.097;59.66;59.544;63.842;64.711;63.636;62.453;59.446;56.041;53.288;51.585;49.451;47.257;42.017;38.794;54.79092
2;11;16.8;350;21.982;24.869;26.716;26.655;31.338;29.56;29.395;30.144;32.756;32.615;31.616;29.182;31.537;33.922;35.619;35.469;35.906;36.529;38.003;40.154;44.747;47.884;49.149;44.573;39.985;34.4122
3;11;16.8;10;51.5;54.247;52.051;53.017;52.492;57.629;60.813;63.046;64.763;60.869;59.43;57.251;64.177;65.211;63.539;62.705;60.961;58.838;56.395;53.675;51.892;50.376;48.185;43.588;40.447;56.28388
3;11;16.8;100;44.971;50.148;49.508;50.499;50.926;56.627;59.119;59.574;60.305;60.805;60.881;59.6;59.955;64.13;64.547;63.621;62.234;59.702;56.771;53.906;51.864;49.967;47.156;42.229;38.821;55.11464
3;11;16.8;350;21.828;24.572;26.13;26.18;30.956;28.912;28.602;29.87;31.09;30.77;30.529;29.007;31.126;33.04;34.612;35.356;35.7;36.388;38.815;40.962;43.683;47.105;48.487;44.687;40.443;33.954
4;11;16.8;10;38.049;43.939;43.888;50.404;51.668;56.509;58.169;58.91;61.524;61.122;59.516;56.496;61.388;62.328;61.763;61.804;60.394;57.878;54.975;52.067;49.821;46.925;43.889;38.728;34.59;53.06976
4;11;16.8;100;37.04;42.863;44.429;51.535;49.381;54.795;55.747;57.436;59.131;62.111;59.736;57.298;55.774;60.947;61.455;61.581;60.203;57.892;54.792;52.323;50.17;47.289;44.345;39.372;35.292;52.51748
4;11;16.8;350;24.177;25.505;24.238;28.602;29.99;28.425;29.644;30.583;29.592;30.225;30.373;31.169;32.449;33.337;34.093;35.823;36.304;37.382;38.618;41.163;44.604;47.254;47.104;42.602;37.661;34.03668
5;11;16.8;10;45.005;48.686;47.085;55.047;57.03;59.263;57.256;57.397;59.473;60.593;60.354;59.137;62.741;61.088;58.347;56.345;54.522;51.638;49.066;46.503;44.79;42.682;40.377;36.725;33.265;52.1766
5;11;16.8;100;38.176;46.862;48.048;50.598;49.68;56.03;56.045;55.764;57.187;57.717;58.145;57.414;57.115;61.584;61.187;59.62;57.977;54.643;51.285;48.35;45.953;42.984;39.064;34.315;30.06;51.03212
5;11;16.8;350;25.581;26.342;31.885;34.765;32.703;31.768;29.783;29.048;29.24;29;28.418;30.926;32.882;33.815;34.112;35.51;36.57;37.424;38.187;40.287;42.996;44.534;43.029;38.451;33.208;34.01856
1;12;17.04;10;32.114;41.677;51.195;54.42;56.315;58.809;60.72;61.955;62.951;66.63;67.619;68.081;68.764;69.072;68.475;67.987;66.007;63.048;59.333;56.586;53.751;51.191;47.369;42.157;37.041;57.33068
1;12;17.04;100;39.815;48.28;51.392;50.789;53.419;53.408;59.118;61.169;62.52;63.085;62.8;63.524;65.224;66.79;66.247;65.583;63.987;60.876;57.114;54.019;50.931;48.326;44.966;40.654;36.661;55.62788
1;12;17.04;350;30.309;33.435;33.087;34.021;32.602;30.094;29.069;30.5;31.256;32.322;31.884;31.985;32.567;33.721;35.959;37.609;38.305;40.35;40.846;43.721;46.726;49.441;48.579;44.47;39.664;36.50088
2;12;17.04;10;46.812;47.594;51.72;51.836;51.527;54.34;58.199;61.271;63.85;59.962;58.136;55.55;61.191;63.279;61.931;60.73;59.377;57.081;53.783;50.765;48.639;46.816;44.552;40.347;36.473;53.83044
2;12;17.04;100;44.723;52.367;53.789;51.278;49.136;50.804;52.278;55.877;57.851;59.678;59.699;59.659;58.795;63.472;63.273;61.735;61.099;58.577;55.144;51.626;49.175;46.862;44.176;39.559;35.838;53.4588
2;12;17.04;350;27.262;32.449;34.982;31.968;28.607;26.476;26.028;27.974;28.584;29.21;29.157;30.002;32.687;33.173;33.565;35.23;35.749;37.244;38.307;40.033;42.975;45.983;46.486;42.165;36.998;34.13176
3;12;17.04;10;46.293;48.977;51.084;52.839;52.022;55.39;58.546;62.186;63.974;60.151;58.315;56.432;62.417;64.937;63.161;61.18;59.561;56.962;53.463;50.665;48.3;46.517;44.006;40.308;37.539;54.209
3;12;17.04;100;41.534;47.945;51.54;49.219;46.794;51.335;53.233;56.052;56.924;58.998;59.38;60.302;59.436;63.737;63.564;62.238;61.157;58.69;55.182;52.172;49.272;46.891;44.064;40.121;36.792;53.06288
3;12;17.04;350;27.318;31.242;32.795;31.061;29.413;26.954;26.368;28.602;29.278;29.504;29.389;30.203;31.875;31.862;32.94;34.476;35.571;38.589;39.902;41.382;43.068;46.112;46.341;42.956;38.785;34.23944
4;12;17.04;10;40.047;46.61;47.351;46.123;51.053;53.457;56.865;60.204;60.886;59.727;58.479;56.055;60.692;62.305;62.381;62.299;61.152;58.662;55.335;52.378;49.358;46.195;42.771;37.893;33.963;52.88964
4;12;17.04;100;37.73;44.214;45.649;46.548;45.934;49.263;52.69;56.041;56.539;58.044;56.88;55.517;54.799;61.144;62.248;61.946;61.31;59.604;57.149;54.364;51.282;48.315;45.3;40.568;36.618;51.98784
4;12;17.04;350;23.483;23.501;20.443;23.599;25.3;27.676;26.998;27.454;27.61;27.887;28.215;28.544;29.907;31.988;34.62;36.986;37.892;39.075;39.978;41.293;43.98;46.893;47.62;43.865;39.463;32.9708
5;12;17.04;10;40.64;46.714;52.387;53.78;53.243;53.63;54.166;57.595;58.973;59.536;59.443;58.095;61.654;62.845;61.942;61.329;58.835;55.672;52.73;50.475;48.145;46.106;43.31;38.881;34.888;53.00056
5;12;17.04;100;35.518;44.303;46.421;48.816;49.141;51.293;51.467;52.111;53.93;56.222;59.563;57.888;56.92;62.348;62.194;62.032;61.023;58.702;55.574;52.646;49.805;47.127;43.883;38.955;34.944;51.71304
5;12;17.04;350;27.459;30.995;31.779;30.464;29.226;27.381;26.913;28.565;28.631;29.955;29.338;29.161;30.38;31.863;34.502;35.212;35.945;37.024;38.073;39.533;42.303;45.631;46.096;42.223;37.672;33.85296
1;13;18.6;10;40.937;50.751;51.039;55.181;57.299;58.675;61.542;63.274;64.635;65.074;65.11;64.276;63.855;62.142;59.831;57.959;55.531;52.46;49.121;46.061;43.585;41.162;37.851;32.906;28.84;53.16388
1;13;18.6;100;40.437;49.308;50.344;52.808;54.051;55.129;57.108;57.42;59.195;62.258;62.435;61.88;62.609;62.494;60.924;59.165;57.052;53.946;50.537;47.522;45.292;42.955;39.152;33.304;28.313;52.22552
1;13;18.6;350;33.685;37.908;39.086;38.689;36.117;32.455;31.398;31.332;33.411;33.311;33.165;31.829;32.48;33.985;36.311;37.474;38.365;39.869;40.617;42.365;45.28;46.662;43.573;37.314;31.241;36.71688
2;13;18.6;10;31.9;42.071;45.554;54.829;55.265;56.542;59.211;60.406;64.527;59.675;57.689;55.555;61.135;63.605;64.558;65.716;63.753;60.587;57.611;55.192;53.115;50.589;46.473;39.834;35.069;54.41844
2;13;18.6;100;39.341;45.644;46.943;52.557;51.405;54.093;55.809;55.64;56.637;59.266;59.78;59.513;58.598;62.106;63.335;62.542;61.016;58.344;55.459;53.101;51.109;48.654;45.125;39.406;36.019;53.25768
2;13;18.6;350;25.633;25.695;26.597;28.197;29.375;26.974;27.01;28.204;27.711;28.168;28.582;29.409;29.923;31.443;33.257;34.634;35.868;36.98;38.648;40.881;44.214;47.738;47.977;43.48;39.028;33.42504
3;13;18.6;10;31.955;44.054;52.508;57.104;55.69;56.411;58.384;60.934;64.131;59.529;57.936;56.032;62.745;64.801;64.446;64.819;63.568;61.522;58.955;55.612;52.638;49.661;45.215;38.61;33.088;54.81392
3;13;18.6;100;38.451;45.949;49.498;51.806;48.761;51.841;56.864;56.681;57.578;58.426;59.423;59.674;59.425;61.809;62.366;62.243;60.771;58.791;56.081;53.074;50.354;47.907;44.287;38.711;34.148;52.99676
3;13;18.6;350;25.572;25.887;26.854;28.338;29.416;27.051;27.069;28.1;27.357;27.527;28.112;29.244;29.586;31.299;33.794;34.084;35.545;36.578;38.666;40.982;44.244;47.369;46.551;41.671;36.698;33.10376
4;13;18.6;10;29.807;40.339;45.501;49.816;50.858;58.182;61.106;61.263;62.118;63.079;61.222;58.915;62.012;61.006;60.126;60.064;59.651;57.128;54.378;51.828;49.593;46.696;42.661;37.048;30.981;52.61512
4;13;18.6;100;35.849;44.927;46.721;48.306;47.517;53.162;57.236;58.411;59.306;60.156;58.388;57.453;55.609;59.382;60.115;59.253;58.479;55.654;53.234;50.86;48.45;45.359;41.455;36.202;30.609;51.28372
4;13;18.6;350;30.702;31.116;33.077;34.401;31.063;29.789;29.544;31.221;30.333;30.299;29.428;29.974;31.676;32.866;33.838;35.54;36.781;37.971;38.772;40.678;43.727;45.748;44.478;39.732;33.799;34.66212
5;13;18.6;10;31.097;41.001;44.956;53.322;56.633;57.095;57.004;57.029;57.806;58.043;57.65;55.878;60.11;61.813;61.901;62.089;61.223;59.03;56.114;53.222;50.17;46.698;42.432;36.068;30.807;52.36764
5;13;18.6;100;36.297;45.982;46.873;50.472;50.288;53.478;54.876;55.972;56.508;58.341;58.38;58.015;58.75;61.377;62.95;62.099;60.938;58.518;55.703;53.267;50.241;46.936;42.807;36.872;31.879;52.31276
5;13;18.6;350;27.551;29.49;29.504;28.328;28.094;26.472;25.839;26.589;27.862;28.856;28.521;28.702;29.848;31.905;33.702;35.155;36.575;36.986;37.747;39.839;42.625;45.615;45.467;40.493;35.361;33.08504
1;14;19.69;10;36.442;46.098;47.74;56.713;54.367;53.46;57.676;60.435;62.641;62.914;63.439;65.045;66.749;66.085;65.184;63.541;61.677;59.609;55.58;52.506;50.18;47.576;43.933;37.519;33.638;54.82988
1;14;19.69;100;44.067;49.674;51.158;54.93;49.652;48.723;53.232;55.553;58.01;59.862;59.898;61.926;64.186;64.42;63.373;62.361;60.638;58.221;53.796;50.996;49.047;46.978;44.078;38.757;35.973;53.58036
1;14;19.69;350;32.045;35.03;38.21;35.701;33.8;27.496;26.703;27.053;28.398;29.468;30.008;31.01;32.085;34.485;36.234;37.647;38.809;40.603;41.074;43.26;46.525;48.723;47.803;42.493;37.932;36.1038
2;14;19.69;10;36.558;43.292;44.105;49.394;48.59;51.55;55.357;58.294;61.772;60.778;59.709;58.022;62.669;63.89;64.314;64.56;63.062;60.945;57.368;54.463;51.789;49.497;45.924;39.959;35.23;53.64364
2;14;19.69;100;39.546;44.712;44.575;49.339;49.503;50.421;51.773;54.619;55.628;57.38;57.833;58.315;59.312;63.436;64.36;62.997;61.291;59.209;55.973;53.261;50.694;48.639;45.341;39.517;35.077;52.51004
2;14;19.69;350;24.719;23.666;22.198;24.54;26.07;26.851;26.555;27.085;29.522;29.469;28.352;28.947;30.91;31.427;33.237;35.462;36.172;37.508;38.717;40.716;43.496;47.171;47.49;42.525;37.866;32.82684
3;14;19.69;10;35.92;42.619;43.544;49.65;48.658;52.234;57.156;60.529;62.026;59.273;58.077;57.524;64.478;65.883;65.024;64.599;63.233;61.574;58.197;55.285;52.745;50.411;46.097;39.021;34.364;53.92484
3;14;19.69;100;38.792;44.314;44.362;49.569;48.01;50.843;54.743;56.26;58.202;59.138;57.611;57.064;57.662;62.638;64.189;63.16;61.7;60.016;57.351;54.455;51.792;49.216;45.694;38.881;34.81;52.81888
3;14;19.69;350;24.975;24.064;22.75;24.617;25.736;26.748;26.568;27.638;29.677;29.317;28.547;29.657;30.95;31.382;33.814;36.08;36.611;37.525;39.333;42.046;44.633;47.808;47.321;41.926;37.619;33.09368
4;14;19.69;10;39.781;41.661;38.754;45.436;46.213;51.789;53.351;55.654;59.287;58.952;58.562;56.736;61.305;61.351;60.373;61.328;60.735;59.206;56.321;53.949;52.188;49.577;46.26;40.56;36.431;52.2304
4;14;19.69;100;38.663;40.524;38.785;46.286;46.34;47.895;50.464;52.575;55.878;56.875;58.513;58.91;59.051;61.082;60.775;61.631;60.892;59.276;56.876;54.91;53.325;50.82;47.463;41.691;37.336;51.87344
4;14;19.69;350;25.282;25.06;23.094;27.069;28.737;26.175;24.596;25.272;28.093;31.17;30.938;33.015;33.045;33.685;33.716;36.352;37.717;39.023;39.673;41.563;44.456;48.704;48.853;44.448;40.26;33.99984
5;14;19.69;10;41.575;42.528;42.407;48.925;48.891;51.649;53.613;53.839;54.442;55.02;57.584;56.817;60.639;60.343;59.455;59.612;57.351;54.3;50.805;48.142;45.985;43.697;40.469;34.58;30.198;50.11464
5;14;19.69;100;42.123;45.26;44.42;49.093;45.601;47.319;48.427;53.932;53.944;54.848;55.467;56.129;55.576;59.413;60.04;60.006;57.897;54.84;51.504;48.908;46.321;43.624;40.146;34.493;30.61;49.59764
5;14;19.69;350;29.324;28.541;29.57;26.578;32.897;31.701;31.594;29.964;29.44;28.312;28.028;29.317;30.658;31.269;33.584;34.855;36.068;37.028;37.8;39.636;42.409;44.855;43.906;38.456;33.446;33.56944
1;KL;11;10;30.258;39.683;51.938;57.806;59.878;59.545;64.065;66.702;67.517;67.811;67.154;68.775;70.711;69.683;68.907;69.543;70.727;70.483;69.509;66.3;62.686;60.037;56.341;49.421;39.166;60.98584
1;KL;11;100;33.429;44.896;53.405;55.113;56.988;55.832;57.904;60.66;63.381;63.401;62.471;62.951;65.581;66.979;67.617;69.195;70.39;70.052;69.11;65.987;62.465;59.801;56.361;49.723;39.898;59.3436
1;KL;11;350;26.773;29.187;30.403;31.257;27.048;25.148;28.729;31.786;32.064;31.408;29.813;32.872;33.643;34.524;36.384;37.702;39.426;40.327;41.321;42.071;46.215;51.278;54.951;53.162;44.064;36.46224
2;KL;11;10;33.205;42.675;52.827;55.768;56.461;58.25;62.329;64.48;66.056;60.553;58.621;56.583;63.745;66.042;66.472;69.28;70.657;70.907;69.978;66.734;63.047;59.665;56.31;50.033;41.292;59.2788
2;KL;11;100;39.179;48.579;51.298;54.123;55.982;57.054;57.207;57.851;60.07;61.246;59.691;57.97;57.841;63.195;66.218;68.011;69.752;69.72;68.617;65.294;61.94;59.246;56.638;51.399;43.825;58.47784
2;KL;11;350;32.489;30.612;29.668;28.631;29.857;26.533;27.777;29.337;28.867;28.203;27.512;28.188;30.236;32.073;34.257;36.213;37.408;38.253;39.087;40.943;45.078;49.252;52.127;52.803;45.637;35.24164
3;KL;11;10;32.917;42.615;51.452;57.32;59.215;60.371;61.968;64.709;66.462;61.355;59.448;57.523;64.776;66.386;66.24;68.767;70.265;70.113;68.986;65.812;60.94;56.181;52.34;46.89;37.626;58.82708
3;KL;11;100;38.235;46.77;50.248;53.569;55.739;58.235;58.453;58.557;59.558;60.348;59.118;58.069;58.896;63.265;65.176;67.417;69.141;69.059;67.851;64.923;60.653;56.622;53.816;49.615;41.485;57.79272
3;KL;11;350;31.3;29.703;29.214;28.736;29.525;26.347;27.81;29.639;29.547;29.039;28.143;28.416;30.371;32.213;34.465;35.56;36.623;37.646;38.871;41.309;43.869;47.242;49.815;50.836;42.681;34.7568
4;KL;11;10;36.192;45.342;47.163;49.107;55.264;59.04;61.042;63.456;63.638;60.934;58.546;57.257;63.354;64.107;64.029;65.087;67.157;67.659;67.631;65.429;61.777;58.582;54.147;48.546;39.397;57.75532
4;KL;11;100;41.391;47.431;47.207;50.013;51.061;55.351;58.434;59.85;59.045;59.141;57.191;57.779;57.666;62.243;63.231;63.617;65.084;65.849;66.299;64.842;61.314;58.346;54.459;49.579;41.177;56.704
4;KL;11;350;31.548;34.611;27.324;32.063;29.417;27.951;27.899;28.645;28.641;28.222;26.942;29.109;31.78;33.141;35.081;35.863;36.863;37.775;38.514;40.749;44.353;48.61;50.64;51.394;43.68;35.2326
5;KL;11;10;32.881;42.389;50.09;56.262;57.343;60.318;59.994;61.889;63.626;62.03;61.032;58.361;63.492;65.174;64.875;66.264;67.187;67.617;67.293;65.155;61.622;58.576;54.841;48.75;37.906;58.19868
5;KL;11;100;42.065;47.131;47.397;52.499;54.773;59.539;59.224;59.304;60.501;61.308;60.061;57.119;56.335;61.898;63.947;65.551;66.376;66.717;66.207;64.399;60.937;58.312;55.131;50.235;40.614;57.5032
5;KL;11;350;27.036;29.531;31.319;35.427;29.232;26.945;24.996;26.611;27.081;27.513;29.721;30.334;30.658;31.768;32.033;33.534;35.316;36.408;37.239;38.483;42.597;47.593;50.283;51.224;42.614;34.21984
6;KL;11;10;36.137;41.489;39.246;48.383;49.805;55.492;55.925;56.632;57.157;53.962;51.556;50.504;51.798;53.042;54.92;58.427;62.501;64.587;65.2;62.992;59.318;56.353;53.309;47.295;38.806;52.99344
6;KL;11;100;36.129;43.751;46.044;49.59;48.472;50.999;52.219;54.884;52.059;51.601;49.48;51.901;51.196;53.615;54.79;58.389;62.78;65.041;65.779;63.368;59.333;56.203;53.212;47.549;39.364;52.70992
6;KL;11;350;22.078;24.473;21.371;26.311;32.548;30.461;29.566;30.961;30.96;30.512;29.646;30.76;33.787;36.927;38.364;38.588;40.372;41.848;43.32;45.551;47.304;51.772;53.78;50.847;42.292;36.17596
1;KR;11;10;32.012;41.22;50.107;52.286;54.995;58.765;61.159;63.839;65.845;66.524;65.949;66.47;69.249;68.257;67.271;68.643;69.375;68.666;66.902;62.524;59.596;56.751;53.088;46.288;36.26;58.88164
1;KR;11;100;34.308;45.375;51.619;52.46;53.201;55.38;57.966;60.915;62.48;62.745;62.227;63.792;65.898;65.698;65.789;67.508;68.97;68.591;66.954;62.407;59.576;57.073;53.771;47.364;38.011;58.00312
1;KR;11;350;26.96;28.795;30.448;32.513;28.559;26.417;27.56;29.686;30.806;31.93;31.328;32.664;33.503;35.248;35.752;37.393;39.061;40.248;41.999;42.994;46.446;51.268;54.353;51.245;41.375;36.34204
2;KR;11;10;32.004;40.59;51.464;54.778;55.206;56.825;61.178;64.086;66.451;60.638;58.766;56.105;62.805;65.673;66.997;69.88;70.434;69.386;67.562;63.838;61.047;58.306;54.757;48.535;39.25;58.26244
2;KR;11;100;39.832;48.642;50.354;53.816;54.732;55.947;58.576;59.659;60.131;60.715;59.512;58.305;57.515;62.371;64.201;67.18;68.7;68.178;66.223;62.298;59.479;57.084;54.465;49.281;41.591;57.55148
2;KR;11;350;30.611;29.535;28.63;29.199;30.095;26.419;27.445;29.84;30.934;31.104;31.418;31.983;32.709;32.922;34.125;34.75;35.566;35.977;37.162;38.718;41.509;47.031;50.304;50.799;43.407;34.88768
3;KR;11;10;32.205;41.729;52.261;54.874;55.198;56.233;59.721;62.522;65.792;62.809;61.157;58.192;64.409;66.473;66.261;68.651;69.857;69.997;68.61;65.215;61.752;58.094;54.548;48.103;37.634;58.49188
3;KR;11;100;37.984;46.221;49.903;53.444;55.629;55.652;58.388;59.475;60.013;60.562;59.872;58.732;59.146;63.521;65.324;66.595;68.293;68.581;67.728;64.146;60.832;57.669;54.97;49.67;40.296;57.70584
3;KR;11;350;29.904;29;28.512;29.365;29.895;26.308;27.442;30.251;31.52;31.966;31.661;31.928;32.447;32.84;33.969;34.307;35.558;36.684;38.58;41.118;42.885;46.448;49.623;50.963;42.595;35.03076
4;KR;11;10;35.929;45.169;47.825;49.227;52.16;54.246;59.476;61.587;62.894;61.685;59.664;57.285;62.018;62.895;61.953;63.621;64.97;64.676;63.355;60.099;58.188;55.209;51.839;45.679;37.615;55.97056
4;KR;11;100;39.89;45.651;45.548;47.429;49.584;52.623;56.133;59.367;59.434;60.165;58.84;58.2;57.39;61.806;62.167;63.183;64.16;64.086;63.258;60.621;58.715;56.187;53.214;47.463;39.539;55.38612
4;KR;11;350;30.869;34.212;27.672;33.754;32.276;29.198;28.515;28.38;29.096;29.078;28.19;28.633;29.67;31.991;33.625;35.256;36.192;37.164;38.248;40.564;42.791;46.513;50.271;49.917;42.539;34.98456
5;KR;11;10;32.146;41.69;46.433;51.202;51.543;54.682;56.422;61.032;63.685;59.955;57.707;55.59;62.167;64.662;64.898;67.078;67.512;67.355;66.213;63.768;60.647;57.317;53.734;47.046;37.096;56.4632
5;KR;11;100;39.744;45.586;46.734;48.326;51.119;57.486;59.287;59.759;59.922;60.106;57.254;55.639;55.064;62.156;63.927;65.83;67.254;67.29;65.956;63.416;60.649;57.825;54.773;48.58;39.403;56.5234
5;KR;11;350;27.274;30.045;31.871;34.763;29.522;27.1;25.351;30.154;29.924;30.223;29.623;30.246;31.294;33.423;34.62;36.504;36.744;37.638;38.23;41.396;43.589;46.828;49.91;50.157;41.833;35.13048
6;KR;11;10;34.572;39.546;38.285;48.54;49.795;54.424;55.262;56.544;57.958;56.381;53.553;52.382;53.394;54.995;55.681;58.75;62.325;64.136;64.2;61.658;59.786;57.515;54.402;48.046;40.041;53.28684
6;KR;11;100;33.941;41.421;44.03;48.428;47.479;49.981;52.441;54.606;54.36;53.494;50.535;52.081;52.287;55.721;56.144;59.29;62.819;64.48;64.568;62.213;60.145;57.984;55.145;48.887;40.833;52.93252
6;KR;11;350;21.525;23.62;21.73;26.667;32.616;29.622;29.254;32.784;34.407;33.132;30.302;30.585;33.061;35.19;36.969;38.996;40.305;41.422;42.402;44.513;47.794;51.593;53.657;51.639;43.826;36.30444
1;S1;9;10;33.416;44.781;56.032;57.784;57.603;60.631;62.92;64.545;65.458;68.109;68.248;69.243;69.35;68.527;67.645;65.305;62.843;59.788;55.99;51.78;49.72;47.83;46.473;43.08;40.191;57.49168
1;S1;9;100;38.636;49.915;54.304;55.322;54.501;56.858;59.833;61.775;63.185;64.694;64.354;64.945;66.266;67.162;65.898;64.173;62.117;59.484;55.822;52.223;50.696;49.975;49.419;46.45;42.712;56.82876
1;S1;9;350;29.291;30.692;33.112;31.128;32.533;29.847;32.6;32.52;32.009;32.245;32.52;33.63;35.633;37.147;37.826;38.624;39.721;40.892;42.306;43.533;47.698;52.065;52.245;48.447;42.991;37.6502
2;S1;9;10;39.497;51.394;57.335;56.261;54.885;60.813;63.588;64.076;65.833;62.255;61.608;59.339;66.855;67.803;65.703;65.044;63.12;60.707;57.137;54.105;52.065;51.257;50.809;49.41;43.677;57.78304
2;S1;9;100;44.741;52.522;54.958;54.301;52.631;57.681;60.996;60.634;61.128;61.371;60.642;58.502;57.964;64.934;66.3;66.143;64.2;61.551;58.423;55.9;54.204;53.452;52.894;51.078;44.792;57.27768
2;S1;9;350;31.343;30.833;29.989;29.705;29.3;30.01;29.555;29.268;28.985;28.633;28.914;30.868;32.101;33.521;34.133;36.659;37.746;39.36;40.593;42.764;46.407;50.824;52.899;52.297;45.248;36.0782
3;S1;9;10;40.318;50.718;57.326;57.814;56.451;59.558;63.519;65.315;66.981;63.642;62.671;60.261;66.535;66.658;65.142;64.391;62.371;59.111;55.521;52.285;50.743;50.263;49.765;48.218;44.804;57.61524
3;S1;9;100;45.285;52.931;54.951;54.404;52.968;59.096;60.478;60.682;61.402;62.285;60.554;58.353;58.122;64.905;65.826;66.081;65.113;62.178;58.263;54.74;52.998;52.014;51.135;49.15;46.074;57.19952
3;S1;9;350;31.286;30.787;30.052;29.824;29.521;30.343;30.16;29.92;29.649;29.288;29.318;30.382;31.693;33.373;34.318;36.731;37.675;39.047;40.064;41.328;45.394;49.675;51.414;51.007;46.494;35.94972
4;S1;9;10;37.271;48.909;51.714;53.011;52.623;59.802;61.658;63.941;64.238;60.999;58.932;56.624;62.853;64.107;63.077;62.71;60.229;57.196;54.405;52.3;50.469;49.674;47.995;44.956;41.259;55.23808
4;S1;9;100;43.476;52.088;51.53;52.855;50.712;56.452;57.687;59.296;60.026;62.576;61.279;60.28;58.589;62.526;62.52;60.923;59.137;56.743;54.265;52.721;51.248;50.778;49.261;46.649;43.112;55.06916
4;S1;9;350;31.657;30.261;28.89;26.862;26.054;27.395;27.559;29.258;28.6;28.521;28.94;30.999;32.869;33.986;34.534;35.218;36.215;38.449;39.146;41.938;45.597;49.611;50.338;48.095;43.158;34.966
5;S1;9;10;36.255;45.769;52.752;57.324;57.418;61.212;60.993;62.302;63.323;59.269;57.513;55.784;63.336;64.777;64.444;64.78;62.433;59.683;56.738;53.501;51.971;50.86;49.148;45.314;40.508;55.89628
5;S1;9;100;39.31;45.977;49.553;51.987;52.229;56.891;59.319;61.302;61.856;62.059;59.218;57.797;55.545;62.261;63.529;63.592;62.413;60.182;57.144;53.833;52.312;51.376;50.04;46.276;41.643;55.10576
5;S1;9;350;29.018;29.51;29.9;30.045;28.233;27.282;27.198;29.161;28.661;28.932;29.619;30.652;30.246;30.779;32.605;35.203;35.437;37.44;38.657;40.102;44.671;49.2;51.385;49.099;43.453;34.65952
1;S2;9;10;38.299;49.665;57.459;59.454;57.943;59.768;63.571;65.879;66.976;69.757;68.276;68.143;68.392;67.656;66.426;64.162;61.682;58.226;54.475;50.848;48.876;47.852;47.173;44.746;40.624;57.85312
1;S2;9;100;42.886;53.819;56.031;56.732;54.109;55.948;60.266;62.737;64.618;65.539;64.926;65.04;66.585;66.939;65.596;62.714;60.237;57.179;54.13;51.496;50.465;50.111;49.6;46.768;42.374;57.0738
1;S2;9;350;29.5;34.252;36.359;36.567;34.986;30.953;31.169;32.735;32.844;32.757;32.735;34.536;36.079;37.935;38.356;38.914;40.324;41.308;42.171;43.903;47.496;51.539;51.84;47.684;41.789;38.34924
2;S2;9;10;40.027;51.27;56.469;57.671;57.223;61.886;61.317;62.279;64.67;62.945;61.571;58.466;65.749;65.966;65.204;65.299;63.262;59.426;56.204;52.662;50.471;49.272;48.486;46.925;42.431;57.08604
2;S2;9;100;42.138;52.76;57.311;56.077;54.146;57.425;58.394;59.165;60.351;61.573;61.008;59.194;58.682;63.52;64.57;64.398;63.583;60.471;57.57;54.195;52.135;50.788;49.95;48.122;43.487;56.44052
2;S2;9;350;29.118;29.261;29.234;29.581;32.617;30.424;27.873;28.468;28.592;29.073;28.912;29.823;31.139;33.067;34.837;36.407;37.484;38.154;39.527;41.219;44.447;48.537;50.836;49.593;43.816;35.28156
3;S2;9;10;40.852;51.957;57.698;58.416;58.227;61.389;61.982;63.891;65.771;63.633;62.194;59.038;64.588;64.493;64.064;63.547;61.994;58.602;55.506;52.145;50.046;48.71;47.968;46.221;43.864;57.07184
3;S2;9;100;43.071;52.781;55.768;55.504;53.623;56.45;57.844;58.721;59.948;61.972;61.218;59.527;59.033;63.895;65.162;64.345;63.091;59.721;56.783;53.769;51.772;50.35;49.052;46.876;44.07;56.17384
3;S2;9;350;28.679;29.187;29.308;30.208;32.716;30.426;27.937;28.625;28.495;29.175;28.946;29.837;30.991;32.885;35.118;36.368;37.331;38.193;39.974;41.74;44.456;47.68;49.961;48.595;44.814;35.2658
4;S2;9;10;37.849;47.055;49.623;51.299;52.79;59.879;61.238;63.167;63.904;61.649;59.812;57.118;62.816;63.379;62.89;63.078;61.368;58.413;55.496;52.883;51.019;49.841;48.078;45.437;41.029;55.2444
4;S2;9;100;42.372;49.31;49.479;51.085;50.752;55.686;56.323;58.091;60.142;61.586;60.459;59.669;58.561;61.968;62.426;62.296;61.199;58.386;55.36;52.916;51.623;50.87;49.44;46.868;42.714;54.78324
4;S2;9;350;29.802;29.209;28.476;28.307;28.177;26.684;25.743;27.77;27.718;27.929;28.551;31.007;31.844;33.523;34.22;34.163;35.126;36.303;37.72;40.163;43.832;48.658;50.281;48.962;43.701;34.31476
5;S2;9;10;35.314;46.293;51.329;55.867;55.788;60.924;61.164;62.886;65.15;62.476;61.364;58.461;62.827;63.121;63.882;65.051;63.877;60.873;56.767;53.023;51.435;50.006;47.877;43.755;38.573;55.92332
5;S2;9;100;38.386;48.766;51.958;53.31;52.329;56.592;58.761;60.267;61.27;61.686;59.31;57.626;55.803;60.886;63.035;64.036;62.49;59.688;55.729;52.237;50.933;50.112;48.835;45.188;40.154;54.77548
5;S2;9;350;30.714;32.598;33.313;32.249;29.679;28.283;27.609;29.57;29.486;29.683;29.922;29.982;30.406;31.139;34.455;37.058;37.568;37.399;37.976;39.958;43.89;48.549;50.459;47.802;41.6;35.25388
1;S3;9;10;34.128;45.581;54.63;56.133;56.531;61.99;63.457;64.662;65.334;67.666;67.07;68.612;69.062;67.769;67.285;66.168;64.112;61.278;58.343;55.229;52.268;49.618;47.45;43.783;40.283;57.93768
1;S3;9;100;39.139;50.534;55.312;55.089;54.364;58.078;61.907;63.404;64.438;64.078;63.819;63.932;66.758;66.77;66.669;65.7;64.262;61.753;58.921;55.719;53.133;51.524;50.016;46.873;43.173;57.8146
1;S3;9;350;28.364;30.424;31.215;36.048;35.375;32.649;30.427;31.27;31.739;31.519;31.255;33.196;35.46;36.166;36.831;37.682;38.919;39.852;41.42;43.127;46.488;51.06;52.881;50.284;45.249;37.556
2;S3;9;10;40.564;51.185;56.493;55.787;54.962;60.3;60.538;60.865;63.942;62.844;62.01;58.961;64.39;65.683;64.971;65.732;64.204;61.665;58.289;55.47;53.851;52.61;51.787;49.272;44.282;57.62628
2;S3;9;100;45.318;51.786;52.611;51.229;50.898;56.922;59.031;58.369;59.599;59.879;60.146;57.957;57.481;63.31;64.151;63.712;62.901;61.14;57.981;55.151;53.435;52.346;51.609;49.425;44.424;56.03244
2;S3;9;350;30.452;31.292;31.064;31.646;29.736;29.223;28.513;28.2;27.927;28.304;28.262;28.842;30.266;32.118;34.03;36.454;37.63;39.51;40.736;43.109;46.954;50.169;51.726;50.215;44.174;35.62208
3;S3;9;10;42.419;50.899;53.997;57.15;57.299;61.449;62.28;62.879;65.196;63.059;62.147;59.042;64.221;64.739;64.914;65.273;63.683;60.943;57.12;54.335;53.119;52.237;51.406;48.307;44.997;57.7244
3;S3;9;100;46.882;52.462;52.473;51.666;51.047;56.968;58.29;57.879;59.774;60.453;60.296;57.681;57.645;64.431;65.212;64.537;63.421;60.873;57.029;54.45;53.238;52.378;51.387;48.219;44.948;56.14556
3;S3;9;350;31.028;31.728;31.083;31.538;29.641;29.463;28.77;27.982;27.674;28.452;28.74;29.084;30.342;32.332;34.956;36.629;37.331;38.922;39.385;41.809;45.479;49.113;50.817;49.152;44.922;35.45488
4;S3;9;10;36.812;46.911;48.225;48.832;50.39;58.516;60.016;62.849;63.209;62.09;59.828;57.343;62.293;63.269;62.109;62.095;60.986;59.62;57.735;56.694;54.78;53.482;50.986;47.595;41.577;55.52968
4;S3;9;100;43.317;49.288;48.36;50.834;51.088;55.408;57.31;59.565;59.751;60.491;59.727;59.942;59.962;62.787;62.535;61.294;60.122;58.68;57.015;55.858;54.075;52.873;51.186;48.392;43.07;55.3172
4;S3;9;350;26.149;25.026;25.851;24.649;26.676;26.189;25.878;27.05;26.351;27.355;27.051;28.769;30.047;32.778;33.116;33.436;35.471;37.006;38.863;41.25;45.092;49.371;51.975;51.136;45.092;33.66508
5;S3;9;10;35.611;45.236;51.367;52.566;53.479;59.477;60.444;61.288;63.279;60.739;59.889;57.394;62.805;63.453;62.992;63.43;62.694;61.373;58.939;55.499;53.277;51.519;49.217;45.48;40.277;55.66896
5;S3;9;100;38.293;44.566;48.56;50.939;53.078;56.421;58.649;59.208;59.743;59.025;58.505;57.882;56.601;61.341;61.8;61.736;61.814;62.261;59.982;56.888;54.982;53.592;51.504;47.653;42.218;55.08964
5;S3;9;350;28.011;29.272;31.135;29.275;27.581;26.331;27.237;27.85;28.113;27.032;29.176;29.408;29.688;29.781;31.197;34.068;35.066;36.226;37.892;39.348;42.971;48.081;50.692;50.165;44.865;34.01844
1;S4;9;10;34.342;45.614;52.783;54.55;54.845;60.471;62.627;63.72;64.261;66.382;65.449;65.359;67.254;67.795;68.004;67.019;65.419;62.839;60.162;57.16;54.67;52.411;49.685;45.527;40.209;57.94228
1;S4;9;100;40.231;50.564;54.137;55.786;55.664;58.818;59.183;59.886;60.551;62.622;63.197;62.356;64.065;65.682;67;66.353;64.475;61.912;59.003;55.872;53.815;52.287;50.65;47.147;42.538;57.35176
1;S4;9;350;28.434;29.771;30.392;29.67;31.372;30.014;31.068;30.762;30.003;29.669;29.629;31.142;31.799;33.465;34.183;35.128;36.124;38.031;39.473;41.773;45.814;49.772;52.323;50.231;44.43;35.77888
2;S4;9;10;40.288;50.039;52.99;54.262;53.379;58.985;60.811;61.808;64.345;60.992;59.426;56.833;63.638;65.746;65.11;64.543;63.191;60.909;58.476;55.177;52.608;51.217;49.623;47.076;42.302;56.55096
2;S4;9;100;43.18;50.013;50.485;50.378;49.573;54.863;57.528;57.325;57.575;57.97;58.612;58.174;57.222;61.374;63.724;63.879;63.509;61.176;58.431;55.362;52.842;51.702;50.064;47.338;42.42;54.98876
2;S4;9;350;26.33;25.413;25.032;25.165;27.374;29.181;28.554;27.26;26.355;26.037;25.578;27.102;28.689;30.513;31.34;32.955;33.607;34.992;36.855;39.601;42.334;46.799;49.411;49.519;43.934;32.7972
3;S4;9;10;42.64;51.108;54.575;54.661;54.117;57.569;61.117;62.928;64.513;61.572;59.789;57.406;63.075;64.111;63.999;63.837;62.442;60.014;57.566;54.533;52.434;51.09;49.806;47.272;43.197;56.61484
3;S4;9;100;44.406;51.91;51.638;52.139;51.095;55.512;56.04;56.946;57.476;58.354;58.272;58.265;57.349;61.876;63.969;63.486;62.954;60.948;58.311;54.824;52.54;51.246;50.026;47.273;42.947;55.19208
3;S4;9;350;25.485;24.813;24.537;25.296;27.657;29.455;28.637;27.088;26.053;25.759;25.389;26.644;28.174;30.406;31.57;33.05;33.758;35.652;37.151;39.431;42.446;46.323;49.537;48.871;43.963;32.6858
4;S4;9;10;35.258;43.49;42.746;45.691;49.386;56.296;59.407;60.913;61.166;61.051;59.435;56.576;61.499;62.107;61.067;60.45;60.028;58.983;56.889;54.196;52.131;50.586;48.333;44.554;39.406;53.66576
4;S4;9;100;41.989;45.498;44.424;47.289;49.067;55.013;55.357;56.285;56.856;59.179;58.467;57.186;56.64;59.942;60.784;59.901;59.269;57.742;55.763;53.267;51.582;50.401;48.716;45.277;40.629;53.06092
4;S4;9;350;25.034;24.144;21.593;21.164;23.042;25.083;25.915;26.505;25.676;26.111;26.207;26.389;28.893;30.99;31.726;32.404;33.322;35.484;36.905;38.683;41.716;46.587;49.113;48.195;43.159;31.7616
5;S4;9;10;35.27;44.618;48.041;52.933;53.607;59.002;60.502;61.212;61.712;60.607;59.617;57.943;62.078;63.362;63.266;63.891;62.906;61.454;58.664;55.698;54.026;52.867;50.761;46.479;40.783;55.65196
5;S4;9;100;39.061;44.681;47.852;49.737;50.132;55.259;58.612;60.057;59.514;58.861;57.433;57.056;56.321;61.785;63.036;62.934;62.915;61.856;59.316;55.745;54.097;52.832;50.991;46.616;41.112;54.71244
5;S4;9;350;24.763;27.003;30.956;30.295;27.256;26.629;26.932;28.069;27.517;27.171;27.514;28.364;29.437;29.627;31.172;33.228;33.705;35.694;36.052;38.192;42.297;47.142;49.975;49.075;43.706;33.27084
